time,Precipitation,Grapes,Temperature
2011,24.05413793,8484,56.20344828
2012,31.11862069,14193,58.02758621
2013,8.876034483,14551,58.16724138
2014,26.12017241,14128,60.31896552
2015,17.59051724,9769,59.75689655
2016,32.83517241,8649,58.88448276
2017,37.42706897,6951,59.04827586
2018,23.33051724,5560,58.7637931
2019,36.485,4506,57.59482759