time,Precipitation,Grapes,Temperature
2011,1395.14,8484,56.20344828
2012,1804.88,14193,58.02758621
2013,514.81,14551,58.16724138
2014,1514.97,14128,60.31896552
2015,1020.25,9769,59.75689655
2016,1904.44,8649,58.88448276
2017,2170.77,6951,59.04827586
2018,1353.17,5560,58.7637931
2019,2116.13,4506,57.59482759