time,Precipitation,Grapes,Temperature,Ozone
2011,24.05413793,8484,56.20344828,197.4259259
2012,31.11862069,14193,58.02758621,219.462963
2013,8.876034483,14551,58.16724138,193.7962963
2014,26.12017241,14128,60.31896552,207.4444444
2015,17.59051724,9769,59.75689655,214.6851852
2016,32.83517241,8649,58.88448276,221.2777778
2017,37.42706897,6951,59.04827586,213.7924528
2018,23.33051724,5560,58.7637931,203.1886792
2019,36.485,4506,57.59482759,244.6037736