Precipitation,Temperature,Grapes
24.05413793,56.20344828,8484
31.11862069,58.02758621,14193
8.876034483,58.16724138,14551
26.12017241,60.31896552,14128
17.59051724,59.75689655,9769
32.83517241,58.88448276,8649
37.42706897,59.04827586,6951
23.33051724,58.7637931,5560
36.485,57.59482759,4506
